Apellidos,Nombre,Nombre de usuario,Ãšltimo acceso
Apellidos1,Nombre1,Apellidos1@ceu.es,2021-04-22 21:27:04
Apellidos2,Nombre2,Apellidos2@ceu.es,2021-04-19 20:22:48
Apellidos3,Nombre3,Apellidos3@ceu.es,2021-04-19 14:10:43
Apellidos4,Nombre4,Apellidos4@ceu.es,2021-04-19 18:20:17
Apellidos5,Nombre5,Apellidos5@ceu.es,2021-04-19 18:21:17
Apellidos6,Nombre6,Apellidos6@ceu.es,2021-04-19 14:11:16
Apellidos7,Nombre7,Apellidos7@ceu.es,2021-04-19 17:51:48
Apellidos8,Nombre8,Apellidos8@ceu.es,2021-04-19 18:21:48
Apellidos9,Nombre9,Apellidos9@ceu.es,2021-04-24 14:53:05
Apellidos10,Nombre10,Apellidos10@ceu.es,2021-04-24 16:47:05
Apellidos11,Nombre11,Apellidos11@ceu.es,2021-04-19 18:21:17
Apellidos12,Nombre12,Apellidos12@ceu.es,2021-04-14 09:48:19
Apellidos13,Nombre13,Apellidos13@ceu.es,2021-04-22 22:49:04
Apellidos14,Nombre14,Apellidos14@ceu.es,2021-04-21 14:58:42
Apellidos15,Nombre15,Apellidos15@ceu.es,2021-04-14 14:30:19
Apellidos16,Nombre16,Apellidos16@ceu.es,2021-03-17 08:42:08
Apellidos17,Nombre17,Apellidos17@ceu.es,2021-04-18 11:10:01
Apellidos18,Nombre18,Apellidos18@ceu.es,2021-04-19 18:36:41
Apellidos19,Nombre19,Apellidos19@ceu.es,2021-04-14 10:04:19
Apellidos20,Nombre20,Apellidos20@ceu.es,2021-04-14 09:03:19
Apellidos21,Nombre21,Apellidos21@ceu.es,2021-04-13 19:22:19
Apellidos22,Nombre22,Apellidos22@ceu.es,2021-04-20 01:06:18
Apellidos23,Nombre23,Apellidos23@ceu.es,2021-04-13 17:43:24
Apellidos24,Nombre24,Apellidos24@ceu.es,2021-03-16 13:08:03
Apellidos25,Nombre25,Apellidos25@ceu.es,2021-04-14 09:33:24
Apellidos26,Nombre26,Apellidos26@ceu.es,2021-03-07 19:10:26
Apellidos27,Nombre27,Apellidos27@ceu.es,2021-04-14 08:16:24
Apellidos28,Nombre28,Apellidos28@ceu.es,2021-04-14 11:03:27
Apellidos29,Nombre29,Apellidos29@ceu.es,2021-04-14 10:59:19
Apellidos30,Nombre30,Apellidos30@ceu.es,2021-04-19 17:53:17
